-- MySQL dump 10.13  Distrib 5.6.11, for osx10.7 (i386)
--
-- Host: localhost    Database: INTRANET
-- ------------------------------------------------------
-- Server version	5.6.11

/*!40101 SET @OLD_CHARACTER_SET_CLIENT=@@CHARACTER_SET_CLIENT */;
/*!40101 SET @OLD_CHARACTER_SET_RESULTS=@@CHARACTER_SET_RESULTS */;
/*!40101 SET @OLD_COLLATION_CONNECTION=@@COLLATION_CONNECTION */;
/*!40101 SET NAMES utf8 */;
/*!40103 SET @OLD_TIME_ZONE=@@TIME_ZONE */;
/*!40103 SET TIME_ZONE='+00:00' */;
/*!40014 SET @OLD_UNIQUE_CHECKS=@@UNIQUE_CHECKS, UNIQUE_CHECKS=0 */;
/*!40014 SET @OLD_FOREIGN_KEY_CHECKS=@@FOREIGN_KEY_CHECKS, FOREIGN_KEY_CHECKS=0 */;
/*!40101 SET @OLD_SQL_MODE=@@SQL_MODE, SQL_MODE='NO_AUTO_VALUE_ON_ZERO' */;
/*!40111 SET @OLD_SQL_NOTES=@@SQL_NOTES, SQL_NOTES=0 */;

--
-- Current Database: `INTRANET`
--

CREATE DATABASE /*!32312 IF NOT EXISTS*/ `INTRANET` /*!40100 DEFAULT CHARACTER SET latin1 */;

USE `INTRANET`;

--
-- Table structure for table `CONS_METRICS_ALEXA_GLOBAL_DAY`
--

DROP TABLE IF EXISTS `CONS_METRICS_ALEXA_GLOBAL_DAY`;
/*!40101 SET @saved_cs_client     = @@character_set_client */;
/*!40101 SET character_set_client = utf8 */;
CREATE TABLE `CONS_METRICS_ALEXA_GLOBAL_DAY` (
  `DATE` date NOT NULL,
  `GLOBAL_RANK` int(11) NOT NULL,
  `BRA_RANK` int(11) NOT NULL,
  `USA_RANK` int(11) NOT NULL,
  PRIMARY KEY (`DATE`),
  UNIQUE KEY `DATE` (`DATE`),
  KEY `DATE_2` (`DATE`)
) ENGINE=InnoDB DEFAULT CHARSET=latin1;
/*!40101 SET character_set_client = @saved_cs_client */;

--
-- Dumping data for table `CONS_METRICS_ALEXA_GLOBAL_DAY`
--

LOCK TABLES `CONS_METRICS_ALEXA_GLOBAL_DAY` WRITE;
/*!40000 ALTER TABLE `CONS_METRICS_ALEXA_GLOBAL_DAY` DISABLE KEYS */;
INSERT INTO `CONS_METRICS_ALEXA_GLOBAL_DAY` VALUES ('2013-07-24',48875,4239,58942);
/*!40000 ALTER TABLE `CONS_METRICS_ALEXA_GLOBAL_DAY` ENABLE KEYS */;
UNLOCK TABLES;

--
-- Table structure for table `CONS_METRICS_ALEXA_TOP10RANK_DAY`
--

DROP TABLE IF EXISTS `CONS_METRICS_ALEXA_TOP10RANK_DAY`;
/*!40101 SET @saved_cs_client     = @@character_set_client */;
/*!40101 SET character_set_client = utf8 */;
CREATE TABLE `CONS_METRICS_ALEXA_TOP10RANK_DAY` (
  `DATE` date NOT NULL,
  `RANK_POSITION_NUMBER` int(11) NOT NULL,
  `RANK_POSITION_COUNTRY` varchar(255) NOT NULL,
  `RANK_POSITION_TRAFFIC_PERCENT` float NOT NULL,
  `RANK_POSITION_RANKING` int(11) NOT NULL,
  PRIMARY KEY (`DATE`,`RANK_POSITION_NUMBER`,`RANK_POSITION_COUNTRY`,`RANK_POSITION_TRAFFIC_PERCENT`,`RANK_POSITION_RANKING`)
) ENGINE=InnoDB DEFAULT CHARSET=latin1;
/*!40101 SET character_set_client = @saved_cs_client */;

--
-- Dumping data for table `CONS_METRICS_ALEXA_TOP10RANK_DAY`
--

LOCK TABLES `CONS_METRICS_ALEXA_TOP10RANK_DAY` WRITE;
/*!40000 ALTER TABLE `CONS_METRICS_ALEXA_TOP10RANK_DAY` DISABLE KEYS */;
INSERT INTO `CONS_METRICS_ALEXA_TOP10RANK_DAY` VALUES ('2013-07-24',1,'Brazil',32.9,4239),('2013-07-24',2,'United States',10.5,58942),('2013-07-24',3,'Romania',4.4,4802),('2013-07-24',4,'Portugal',4.3,5828),('2013-07-24',5,'India',4.1,107995),('2013-07-24',6,'Poland',3.5,25716),('2013-07-24',7,'Pakistan',2.9,18359),('2013-07-24',8,'United Kingdom',2.8,35710),('2013-07-24',9,'Indonesia',2.6,41104),('2013-07-24',10,'Philippines',2.2,14943);
/*!40000 ALTER TABLE `CONS_METRICS_ALEXA_TOP10RANK_DAY` ENABLE KEYS */;
UNLOCK TABLES;

--
-- Table structure for table `CONS_METRICS_FOLLOW`
--

DROP TABLE IF EXISTS `CONS_METRICS_FOLLOW`;
/*!40101 SET @saved_cs_client     = @@character_set_client */;
/*!40101 SET character_set_client = utf8 */;
CREATE TABLE `CONS_METRICS_FOLLOW` (
  `DATE` date NOT NULL,
  `TOTAL_FOLLOWING` int(11) DEFAULT NULL,
  `TOTAL_FOLLOWED` int(11) DEFAULT NULL,
  `AVG_FOLLOWING_PROFILE` float DEFAULT NULL,
  `AVG_FOLLOWED_PROFILE` float DEFAULT NULL,
  `WAVG_FOLLOWING_PROFILE` float DEFAULT NULL,
  `WAVG_FOLLOWED_PROFILE` float DEFAULT NULL,
  PRIMARY KEY (`DATE`)
) ENGINE=InnoDB DEFAULT CHARSET=latin1 COMMENT='Consolidated Metrics for Folllowing';
/*!40101 SET character_set_client = @saved_cs_client */;

--
-- Dumping data for table `CONS_METRICS_FOLLOW`
--

LOCK TABLES `CONS_METRICS_FOLLOW` WRITE;
/*!40000 ALTER TABLE `CONS_METRICS_FOLLOW` DISABLE KEYS */;
INSERT INTO `CONS_METRICS_FOLLOW` VALUES ('2013-07-01',4019,5336,0.2175,0.2889,12.3834,9.3253),('2013-07-24',4019,5336,0.2175,0.2889,12.3834,9.3253);
/*!40000 ALTER TABLE `CONS_METRICS_FOLLOW` ENABLE KEYS */;
UNLOCK TABLES;

--
-- Table structure for table `CONS_METRICS_LIKES`
--

DROP TABLE IF EXISTS `CONS_METRICS_LIKES`;
/*!40101 SET @saved_cs_client     = @@character_set_client */;
/*!40101 SET character_set_client = utf8 */;
CREATE TABLE `CONS_METRICS_LIKES` (
  `DATE` date NOT NULL,
  `TOTAL_LIKES_TECKS` int(11) DEFAULT NULL,
  `TOTAL_LIKES_PROFILES` int(11) DEFAULT NULL,
  `AVG_LIKES_TECK` float DEFAULT NULL,
  `AVG_LIKES_PROFILE` float DEFAULT NULL,
  `WAVG_LIKES_TECK` float DEFAULT NULL,
  `WAVG_LIKES_PROFILE` float DEFAULT NULL,
  PRIMARY KEY (`DATE`)
) ENGINE=InnoDB DEFAULT CHARSET=latin1 COMMENT='Consolidated Metrics for Likes';
/*!40101 SET character_set_client = @saved_cs_client */;

--
-- Dumping data for table `CONS_METRICS_LIKES`
--

LOCK TABLES `CONS_METRICS_LIKES` WRITE;
/*!40000 ALTER TABLE `CONS_METRICS_LIKES` DISABLE KEYS */;
INSERT INTO `CONS_METRICS_LIKES` VALUES ('2013-07-01',16968,3313,0.3499,1.5238,1.6591,8.4971),('2013-07-24',16968,3313,0.3499,1.5238,1.6591,8.4971);
/*!40000 ALTER TABLE `CONS_METRICS_LIKES` ENABLE KEYS */;
UNLOCK TABLES;

--
-- Table structure for table `CONS_METRICS_ONLINE_USERS`
--

DROP TABLE IF EXISTS `CONS_METRICS_ONLINE_USERS`;
/*!40101 SET @saved_cs_client     = @@character_set_client */;
/*!40101 SET character_set_client = utf8 */;
CREATE TABLE `CONS_METRICS_ONLINE_USERS` (
  `DATE` date NOT NULL,
  `TOTAL_UNIQUE_VISITOR_DAY` int(11) NOT NULL,
  `TOTAL_USERS_KEEPMELOGGED` int(11) NOT NULL,
  `TOTAL_LAST_LOGIN_1WEEK` int(11) NOT NULL,
  `TOTAL_LAST_LOGIN_1MONTH` int(11) NOT NULL,
  PRIMARY KEY (`DATE`)
) ENGINE=InnoDB DEFAULT CHARSET=latin1;
/*!40101 SET character_set_client = @saved_cs_client */;

--
-- Dumping data for table `CONS_METRICS_ONLINE_USERS`
--

LOCK TABLES `CONS_METRICS_ONLINE_USERS` WRITE;
/*!40000 ALTER TABLE `CONS_METRICS_ONLINE_USERS` DISABLE KEYS */;
INSERT INTO `CONS_METRICS_ONLINE_USERS` VALUES ('2013-07-01',104,77,13820,0),('2013-07-24',0,0,16374,13820);
/*!40000 ALTER TABLE `CONS_METRICS_ONLINE_USERS` ENABLE KEYS */;
UNLOCK TABLES;

--
-- Table structure for table `CONS_METRICS_PAGEVIEWS_EXPECTED`
--

DROP TABLE IF EXISTS `CONS_METRICS_PAGEVIEWS_EXPECTED`;
/*!40101 SET @saved_cs_client     = @@character_set_client */;
/*!40101 SET character_set_client = utf8 */;
CREATE TABLE `CONS_METRICS_PAGEVIEWS_EXPECTED` (
  `DATE` date NOT NULL,
  `TOTAL_PROFILES_WO_PAGEVIEWS` int(11) DEFAULT NULL,
  `PERC_PROFILES_WO_PAGEVIEWS` float DEFAULT NULL,
  `TOTAL_EXPECTED_PAGEVIEWS` int(11) DEFAULT NULL,
  `AVG_PAGEVIEWS_TECK` float DEFAULT NULL,
  `AVG_PAGEVIEWS_PROFILE` float DEFAULT NULL,
  `TOTAL_TECKS_WO_PAGEVIEWS` int(11) DEFAULT NULL,
  `PERC_TECKS_WO_PAGEVIEWS` float DEFAULT NULL,
  `WAVG_PAGEVIEWS_VIEWED_TECKS` float DEFAULT NULL,
  `WAVG_PAGEVIEWS_VIEWED_PROFILES` float DEFAULT NULL,
  PRIMARY KEY (`DATE`)
) ENGINE=InnoDB DEFAULT CHARSET=latin1 COMMENT='Consolidated Metrics for Expected Pageviews';
/*!40101 SET character_set_client = @saved_cs_client */;

--
-- Dumping data for table `CONS_METRICS_PAGEVIEWS_EXPECTED`
--

LOCK TABLES `CONS_METRICS_PAGEVIEWS_EXPECTED` WRITE;
/*!40000 ALTER TABLE `CONS_METRICS_PAGEVIEWS_EXPECTED` DISABLE KEYS */;
INSERT INTO `CONS_METRICS_PAGEVIEWS_EXPECTED` VALUES ('2013-05-15',488,0.6387,14068,22.19,68.62,75,0.1183,25.1664,50.971),('2013-05-16',296,0.3064,25475,29.69,94.35,76,0.0886,32.5767,38.0224),('2013-05-17',966,0.451,137719,45.86,195.9,472,0.1572,54.4129,117.108),('2013-05-18',1986,0.5883,201188,30.86,161.73,893,0.137,35.754,144.74),('2013-05-19',2243,0.5776,230701,27.84,158.01,937,0.1131,31.3879,140.671),('2013-05-20',2370,0.5191,269844,26.42,155.8,1137,0.1113,29.7283,122.88),('2013-05-21',3945,0.6127,310330,23.7,130.45,2437,0.1861,29.1144,124.431),('2013-05-22',4700,0.6403,350599,22.02,129.04,3286,0.2064,27.7504,132.803),('2013-05-23',4997,0.6429,401732,23.21,139.93,3335,0.1927,28.7506,144.716),('2013-05-24',5234,0.6467,431459,23.33,143.01,3362,0.1818,28.5093,150.913),('2013-05-25',5368,0.6465,449812,23.3,144.87,3422,0.1772,28.315,153.258),('2013-05-26',5440,0.6365,477900,22.97,149.72,4060,0.1952,28.5433,153.814),('2013-05-27',5668,0.6329,499390,22.67,147.97,4067,0.1846,27.8057,151.883),('2013-05-28',5785,0.6251,538395,21.61,147.71,4830,0.1938,26.8032,155.202),('2013-05-29',6009,0.6246,604398,21.99,158.55,5979,0.2175,28.1037,167.331),('2013-05-30',6189,0.6239,648816,22.27,164.51,6322,0.217,28.4344,173.899),('2013-05-31',6379,0.6256,671202,21.93,165.28,6483,0.2118,27.8276,175.845),('2013-07-01',11048,0.613,3210098,43.37,426.14,17193,0.2323,56.4989,460.295);
/*!40000 ALTER TABLE `CONS_METRICS_PAGEVIEWS_EXPECTED` ENABLE KEYS */;
UNLOCK TABLES;

--
-- Table structure for table `CONS_METRICS_PROFILES`
--

DROP TABLE IF EXISTS `CONS_METRICS_PROFILES`;
/*!40101 SET @saved_cs_client     = @@character_set_client */;
/*!40101 SET character_set_client = utf8 */;
CREATE TABLE `CONS_METRICS_PROFILES` (
  `DATE` date NOT NULL,
  `TOTAL_USERS` int(11) DEFAULT NULL,
  `TOTAL_PROFILES` int(11) DEFAULT NULL,
  `TOTAL_ACTIVE_PROFILES` int(11) DEFAULT NULL,
  `AVG_PROFILES_USER` float DEFAULT NULL,
  `AVG_ACTIVE_PROFILES_USER` float DEFAULT NULL,
  `TOTAL_USERS_W1_PROFILES` int(11) DEFAULT NULL,
  `WAVG_PROFILES_USERS` float DEFAULT NULL,
  PRIMARY KEY (`DATE`)
) ENGINE=InnoDB DEFAULT CHARSET=latin1 COMMENT='Consolidated Metrics for Users and Profiles';
/*!40101 SET character_set_client = @saved_cs_client */;

--
-- Dumping data for table `CONS_METRICS_PROFILES`
--

LOCK TABLES `CONS_METRICS_PROFILES` WRITE;
/*!40000 ALTER TABLE `CONS_METRICS_PROFILES` DISABLE KEYS */;
INSERT INTO `CONS_METRICS_PROFILES` VALUES ('2013-05-15',538,764,205,1.42007,0.381041,13984,2.7299),('2013-05-16',708,966,270,1.36441,0.381356,13984,2.7299),('2013-05-17',1784,2142,703,1.20067,0.394058,13984,2.7299),('2013-05-18',2880,3376,1244,1.17222,0.431944,13984,2.7299),('2013-05-19',3351,3883,1460,1.15876,0.435691,13984,2.7299),('2013-05-20',3979,4566,1732,1.14752,0.435285,13984,2.7299),('2013-05-21',5707,6439,2379,1.12826,0.416856,13984,2.7299),('2013-05-22',6478,7340,2717,1.13307,0.41942,13984,2.7299),('2013-05-23',6843,7773,2871,1.13591,0.419553,13984,2.7299),('2013-05-24',7118,8093,3017,1.13698,0.423855,13984,2.7299),('2013-05-25',7279,8303,3105,1.14068,0.42657,13984,2.7299),('2013-05-26',7494,8547,3192,1.14051,0.425941,13984,2.7299),('2013-05-27',7887,8956,3375,1.13554,0.427919,13984,2.7299),('2013-05-28',8144,9254,3645,1.1363,0.447569,13984,2.7299),('2013-05-29',8460,9621,3812,1.13723,0.450591,13984,2.7299),('2013-05-30',8734,9920,3944,1.13579,0.451569,13984,2.7299),('2013-05-31',8989,10196,4061,1.13428,0.451774,13984,2.7299),('2013-07-01',15945,18022,7533,1.13026,0.472436,13984,2.7299);
/*!40000 ALTER TABLE `CONS_METRICS_PROFILES` ENABLE KEYS */;
UNLOCK TABLES;

--
-- Table structure for table `CONS_METRICS_REVENUE`
--

DROP TABLE IF EXISTS `CONS_METRICS_REVENUE`;
/*!40101 SET @saved_cs_client     = @@character_set_client */;
/*!40101 SET character_set_client = utf8 */;
CREATE TABLE `CONS_METRICS_REVENUE` (
  `DATE` date NOT NULL DEFAULT '0000-00-00',
  `TOTAL_EXPECTED_REVENUE_TODATE` float DEFAULT NULL,
  `TOTAL_ACTUAL_REVENUE_TODATE` float DEFAULT NULL,
  `TOTAL_EXPECTED_REVENUE_DAY` float DEFAULT NULL,
  `TOTAL_ACTUAL_REVENUE_DAY` float DEFAULT NULL,
  `TOTAL_PENDING_TODATE` float DEFAULT NULL,
  `TOTAL_VERIFIED_TODATE` float DEFAULT NULL,
  `TOTAL_REQUESTED_TODATE` float DEFAULT NULL,
  `TOTAL_WITHDRAWN_TODATE` float DEFAULT NULL,
  `TOTAL_ERROR_TODATE` float DEFAULT NULL,
  `AVG_REVENUE_PROFILE` float DEFAULT NULL,
  `AVG_REVENUE_TECK` float DEFAULT NULL,
  `WAVG_REVENUE_VIEWED_PROFILES` float DEFAULT NULL,
  `WAVG_REVENUE_VIEWED_TECKS` float DEFAULT NULL,
  PRIMARY KEY (`DATE`)
) ENGINE=InnoDB DEFAULT CHARSET=latin1 COMMENT='Consolidated Metrics for Revenue as provided by Google';
/*!40101 SET character_set_client = @saved_cs_client */;

--
-- Dumping data for table `CONS_METRICS_REVENUE`
--

LOCK TABLES `CONS_METRICS_REVENUE` WRITE;
/*!40000 ALTER TABLE `CONS_METRICS_REVENUE` DISABLE KEYS */;
INSERT INTO `CONS_METRICS_REVENUE` VALUES ('2013-05-15',13.2231,0.00087024,NULL,NULL,0,0.000609168,0,0,0,0.0237462,0.00545273,0.0586952,0.00715887),('2013-05-16',18.5119,0.00087024,NULL,NULL,0,0.000609168,0,0,0,0.0237462,0.00545273,0.0586952,0.00715887),('2013-05-17',41.841,0.00155428,NULL,NULL,0,0.001088,0,0,0,0.0237462,0.00545273,0.0586952,0.00715887),('2013-05-18',51.3598,0.00172872,NULL,NULL,0,0.0012101,0,0,0,0.0237462,0.00545273,0.0586952,0.00715887),('2013-05-19',66.5519,0.0031262,NULL,NULL,0,0.00218834,0,0,0,0.0237462,0.00545273,0.0586952,0.00715887),('2013-05-20',86.5714,0.0031262,NULL,NULL,0,0.00218834,0,0,0,0.0237462,0.00545273,0.0586952,0.00715887),('2013-05-21',96.3894,0.0031262,NULL,NULL,0,0.00218834,0,0,0,0.0237462,0.00545273,0.0586952,0.00715887),('2013-05-22',108.245,0.00329966,NULL,NULL,0,0.00230976,0,0,0,0.0237462,0.00545273,0.0586952,0.00715887),('2013-05-23',120.731,0.00329966,NULL,NULL,0,0.00230976,0,0,0,0.0237462,0.00545273,0.0586952,0.00715887),('2013-05-24',125.868,0.00501466,NULL,NULL,0,0.00351026,0,0,0,0.0237462,0.00545273,0.0586952,0.00715887),('2013-05-25',129.225,0.00586824,NULL,NULL,0,0.00410777,0,0,0,0.0237462,0.00545273,0.0586952,0.00715887),('2013-05-26',136.163,0.00672868,NULL,NULL,0,0.00471008,0,0,0,0.0237462,0.00545273,0.0586952,0.00715887),('2013-05-27',141.564,0.00672868,NULL,NULL,0,0.00471008,0,0,0,0.0237462,0.00545273,0.0586952,0.00715887),('2013-05-28',146.142,0.00706188,NULL,NULL,0,0.00494332,0,0,0,0.0237462,0.00545273,0.0586952,0.00715887),('2013-05-29',163.057,0.00824474,NULL,NULL,0,0.00577132,0,0,0,0.0237462,0.00545273,0.0586952,0.00715887),('2013-05-30',175.113,0.00824474,NULL,NULL,0,0.00577132,0,0,0,0.0237462,0.00545273,0.0586952,0.00715887),('2013-05-31',179.692,0.00946386,NULL,NULL,0,0.0066247,0,0,0,0.0237462,0.00545273,0.0586952,0.00715887),('2013-07-01',579.963,179.693,NULL,NULL,177.61,95.4587,0,0,1.26529,0.0237462,0.00545273,0.0586952,0.00715887);
/*!40000 ALTER TABLE `CONS_METRICS_REVENUE` ENABLE KEYS */;
UNLOCK TABLES;

--
-- Table structure for table `CONS_METRICS_SHARES`
--

DROP TABLE IF EXISTS `CONS_METRICS_SHARES`;
/*!40101 SET @saved_cs_client     = @@character_set_client */;
/*!40101 SET character_set_client = utf8 */;
CREATE TABLE `CONS_METRICS_SHARES` (
  `DATE` date NOT NULL,
  `TOTAL_SHARES` int(11) DEFAULT NULL,
  `AVG_SHARES_TECK` float DEFAULT NULL,
  `TOTAL_TECKS_WO_SHARES` int(11) DEFAULT NULL,
  `WAVG_SHARES_TECK` float DEFAULT NULL,
  PRIMARY KEY (`DATE`)
) ENGINE=InnoDB DEFAULT CHARSET=latin1 COMMENT='CONS_METRICS_SHARE';
/*!40101 SET character_set_client = @saved_cs_client */;

--
-- Dumping data for table `CONS_METRICS_SHARES`
--

LOCK TABLES `CONS_METRICS_SHARES` WRITE;
/*!40000 ALTER TABLE `CONS_METRICS_SHARES` DISABLE KEYS */;
INSERT INTO `CONS_METRICS_SHARES` VALUES ('2013-07-01',77177,0.9593,57687,3.39),('2013-07-24',77177,0.9593,57687,3.39);
/*!40000 ALTER TABLE `CONS_METRICS_SHARES` ENABLE KEYS */;
UNLOCK TABLES;

--
-- Table structure for table `CONS_METRICS_SHARES_SN`
--

DROP TABLE IF EXISTS `CONS_METRICS_SHARES_SN`;
/*!40101 SET @saved_cs_client     = @@character_set_client */;
/*!40101 SET character_set_client = utf8 */;
CREATE TABLE `CONS_METRICS_SHARES_SN` (
  `DATE` date NOT NULL,
  `TOTAL_SHARES_FB` int(11) DEFAULT NULL,
  `TOTAL_SHARES_GP` int(11) DEFAULT NULL,
  `TOTAL_SHARES_TW` int(11) DEFAULT NULL,
  `TOTAL_SHARES_LI` int(11) DEFAULT NULL,
  PRIMARY KEY (`DATE`)
) ENGINE=InnoDB DEFAULT CHARSET=latin1;
/*!40101 SET character_set_client = @saved_cs_client */;

--
-- Dumping data for table `CONS_METRICS_SHARES_SN`
--

LOCK TABLES `CONS_METRICS_SHARES_SN` WRITE;
/*!40000 ALTER TABLE `CONS_METRICS_SHARES_SN` DISABLE KEYS */;
INSERT INTO `CONS_METRICS_SHARES_SN` VALUES ('2013-07-01',30281,14761,24091,8044),('2013-07-24',30281,14761,24091,8044);
/*!40000 ALTER TABLE `CONS_METRICS_SHARES_SN` ENABLE KEYS */;
UNLOCK TABLES;

--
-- Table structure for table `CONS_METRICS_TECKS`
--

DROP TABLE IF EXISTS `CONS_METRICS_TECKS`;
/*!40101 SET @saved_cs_client     = @@character_set_client */;
/*!40101 SET character_set_client = utf8 */;
CREATE TABLE `CONS_METRICS_TECKS` (
  `DATE` date NOT NULL,
  `TOTAL_TECKS` int(11) DEFAULT NULL,
  `TOTAL_PUBLISHED_TECKS` int(11) DEFAULT NULL,
  `AVG_TECKS_PROFILE` float DEFAULT NULL,
  `AVG_TECKS_ACTIVE_PROFILE` float DEFAULT NULL,
  `TOTAL_PROFILES_WO_TECKS` int(11) DEFAULT NULL,
  `RT_TECKS_PUBTECKS` float DEFAULT NULL,
  PRIMARY KEY (`DATE`)
) ENGINE=InnoDB DEFAULT CHARSET=latin1 COMMENT='Consolidated Metrics for Tecks';
/*!40101 SET character_set_client = @saved_cs_client */;

--
-- Dumping data for table `CONS_METRICS_TECKS`
--

LOCK TABLES `CONS_METRICS_TECKS` WRITE;
/*!40000 ALTER TABLE `CONS_METRICS_TECKS` DISABLE KEYS */;
INSERT INTO `CONS_METRICS_TECKS` VALUES ('2013-05-15',634,629,0.8298,3.0927,559,0.992114),('2013-05-16',858,853,0.8882,3.1778,696,0.994173),('2013-05-17',3003,2939,1.402,4.2717,1439,0.978688),('2013-05-18',6520,6087,1.9313,5.2412,2132,0.933589),('2013-05-19',8287,7660,2.1342,5.676,2423,0.924339),('2013-05-20',10214,9402,2.237,5.8972,2834,0.920501),('2013-05-21',13096,12107,2.0339,5.5048,4060,0.924481),('2013-05-22',15920,14830,2.1689,5.8594,4623,0.931533),('2013-05-23',17308,16116,2.2267,6.0286,4902,0.93113),('2013-05-24',18496,17224,2.2854,6.1306,5076,0.931228),('2013-05-25',19308,18008,2.3254,6.2184,5198,0.93267),('2013-05-26',20803,19475,2.434,6.5172,5355,0.936163),('2013-05-27',22027,20675,2.4595,6.5265,5581,0.938621),('2013-05-28',24917,23517,2.6926,6.8359,5609,0.943813),('2013-05-29',27485,26056,2.8568,7.2101,5809,0.948008),('2013-05-30',29140,27698,2.9375,7.3884,5976,0.950515),('2013-05-31',30603,29136,3.0015,7.5358,6135,0.952064),('2013-07-01',74010,71170,4.1066,9.8248,10489,0.961627);
/*!40000 ALTER TABLE `CONS_METRICS_TECKS` ENABLE KEYS */;
UNLOCK TABLES;

--
-- Table structure for table `CONS_METRICS_TECKS_LANG`
--

DROP TABLE IF EXISTS `CONS_METRICS_TECKS_LANG`;
/*!40101 SET @saved_cs_client     = @@character_set_client */;
/*!40101 SET character_set_client = utf8 */;
CREATE TABLE `CONS_METRICS_TECKS_LANG` (
  `DATE` date NOT NULL,
  `TOTAL_TECKS_AR` int(11) DEFAULT NULL,
  `TOTAL_TECKS_DE` int(11) DEFAULT NULL,
  `TOTAL_TECKS_EN` int(11) DEFAULT NULL,
  `TOTAL_TECKS_ES` int(11) DEFAULT NULL,
  `TOTAL_TECKS_FR` int(11) DEFAULT NULL,
  `TOTAL_TECKS_HE` int(11) DEFAULT NULL,
  `TOTAL_TECKS_HI` int(11) DEFAULT NULL,
  `TOTAL_TECKS_IT` int(11) DEFAULT NULL,
  `TOTAL_TECKS_JP` int(11) DEFAULT NULL,
  `TOTAL_TECKS_KO` int(11) DEFAULT NULL,
  `TOTAL_TECKS_PT` int(11) DEFAULT NULL,
  `TOTAL_TECKS_RU` int(11) DEFAULT NULL,
  `TOTAL_TECKS_ZH` int(11) DEFAULT NULL,
  PRIMARY KEY (`DATE`)
) ENGINE=InnoDB DEFAULT CHARSET=latin1;
/*!40101 SET character_set_client = @saved_cs_client */;

--
-- Dumping data for table `CONS_METRICS_TECKS_LANG`
--

LOCK TABLES `CONS_METRICS_TECKS_LANG` WRITE;
/*!40000 ALTER TABLE `CONS_METRICS_TECKS_LANG` DISABLE KEYS */;
INSERT INTO `CONS_METRICS_TECKS_LANG` VALUES ('2013-05-15',0,0,77,6,1,0,0,0,0,0,550,0,0),('2013-05-16',0,0,90,8,1,0,0,0,0,0,759,0,0),('2013-05-17',0,0,145,17,1,0,0,0,0,0,2840,0,0),('2013-05-18',0,0,204,22,1,0,0,0,0,1,6292,0,0),('2013-05-19',0,0,301,27,8,0,0,0,0,1,7950,0,0),('2013-05-20',0,0,432,31,26,0,0,0,0,1,9724,0,0),('2013-05-21',0,0,541,33,27,0,0,0,0,1,12494,0,0),('2013-05-22',0,0,718,37,27,0,0,0,0,1,15137,0,0),('2013-05-23',0,0,774,37,27,0,0,0,0,1,16469,0,0),('2013-05-24',0,0,837,38,41,0,0,0,0,1,17579,0,0),('2013-05-25',0,0,854,38,41,0,0,0,0,1,18374,0,0),('2013-05-26',0,0,876,38,41,0,0,0,0,1,19847,0,0),('2013-05-27',0,0,948,38,41,0,0,0,0,1,20999,0,0),('2013-05-28',0,2,1067,59,42,1,0,0,2,3,23740,1,0),('2013-05-29',0,2,1154,64,43,1,0,0,2,3,26215,1,0),('2013-05-30',0,2,1204,67,43,1,0,0,2,3,27817,1,0),('2013-05-31',0,2,1236,92,43,1,0,0,2,3,29223,1,0),('2013-07-01',1,6,6121,1210,46,1,1,38,3,3,66579,1,0);
/*!40000 ALTER TABLE `CONS_METRICS_TECKS_LANG` ENABLE KEYS */;
UNLOCK TABLES;

--
-- Table structure for table `CONS_METRICS_TECKS_TYPE`
--

DROP TABLE IF EXISTS `CONS_METRICS_TECKS_TYPE`;
/*!40101 SET @saved_cs_client     = @@character_set_client */;
/*!40101 SET character_set_client = utf8 */;
CREATE TABLE `CONS_METRICS_TECKS_TYPE` (
  `DATE` date NOT NULL,
  `TOTAL_TECKS_AUDIO` int(11) DEFAULT NULL,
  `TOTAL_TECKS_DOCUMENT` int(11) DEFAULT NULL,
  `TOTAL_TECKS_IMAGE` int(11) DEFAULT NULL,
  `TOTAL_TECKS_TEXT` int(11) DEFAULT NULL,
  `TOTAL_TECKS_VIDEO` int(11) DEFAULT NULL,
  PRIMARY KEY (`DATE`)
) ENGINE=InnoDB DEFAULT CHARSET=latin1 COMMENT='Consolidated Metrics for Teck Type';
/*!40101 SET character_set_client = @saved_cs_client */;

--
-- Dumping data for table `CONS_METRICS_TECKS_TYPE`
--

LOCK TABLES `CONS_METRICS_TECKS_TYPE` WRITE;
/*!40000 ALTER TABLE `CONS_METRICS_TECKS_TYPE` DISABLE KEYS */;
INSERT INTO `CONS_METRICS_TECKS_TYPE` VALUES ('2013-05-15',14,0,241,374,5),('2013-05-16',15,0,374,464,5),('2013-05-17',40,0,1034,1924,5),('2013-05-18',94,0,3042,3379,5),('2013-05-19',118,0,4248,3916,5),('2013-05-20',147,0,5310,4752,5),('2013-05-21',175,0,6721,6195,5),('2013-05-22',190,0,7621,8104,5),('2013-05-23',219,0,8488,8596,5),('2013-05-24',226,0,9240,9025,5),('2013-05-25',231,0,9654,9418,5),('2013-05-26',239,0,9997,10562,5),('2013-05-27',257,0,10583,11182,5),('2013-05-28',278,0,11570,13064,5),('2013-05-29',299,0,12260,14921,5),('2013-05-30',310,0,12979,15846,5),('2013-05-31',325,0,13721,16552,5);
/*!40000 ALTER TABLE `CONS_METRICS_TECKS_TYPE` ENABLE KEYS */;
UNLOCK TABLES;

--
-- Table structure for table `CONS_METRICS_USERS_LANG`
--

DROP TABLE IF EXISTS `CONS_METRICS_USERS_LANG`;
/*!40101 SET @saved_cs_client     = @@character_set_client */;
/*!40101 SET character_set_client = utf8 */;
CREATE TABLE `CONS_METRICS_USERS_LANG` (
  `DATE` date NOT NULL,
  `TOTAL_USERS_LANG` int(11) NOT NULL DEFAULT '0',
  `LANG` varchar(5) NOT NULL DEFAULT '',
  PRIMARY KEY (`DATE`,`TOTAL_USERS_LANG`,`LANG`)
) ENGINE=InnoDB DEFAULT CHARSET=latin1 COMMENT='Consolidated Metrics for Users per Language';
/*!40101 SET character_set_client = @saved_cs_client */;

--
-- Dumping data for table `CONS_METRICS_USERS_LANG`
--

LOCK TABLES `CONS_METRICS_USERS_LANG` WRITE;
/*!40000 ALTER TABLE `CONS_METRICS_USERS_LANG` DISABLE KEYS */;
INSERT INTO `CONS_METRICS_USERS_LANG` VALUES ('2013-05-15',2,'fr'),('2013-05-15',5,'es'),('2013-05-15',57,'en'),('2013-05-15',354,'pt'),('2013-05-16',1,'zh'),('2013-05-16',4,'fr'),('2013-05-16',7,'es'),('2013-05-16',78,'en'),('2013-05-16',498,'pt'),('2013-05-17',1,'jp'),('2013-05-17',1,'zh'),('2013-05-17',4,'fr'),('2013-05-17',13,'es'),('2013-05-17',122,'en'),('2013-05-17',1523,'pt'),('2013-05-18',1,'ja'),('2013-05-18',1,'jp'),('2013-05-18',1,'zh'),('2013-05-18',6,'fr'),('2013-05-18',22,'es'),('2013-05-18',173,'en'),('2013-05-18',2556,'pt'),('2013-05-19',1,'it'),('2013-05-19',1,'ja'),('2013-05-19',1,'zh'),('2013-05-19',2,'jp'),('2013-05-19',7,'fr'),('2013-05-19',30,'es'),('2013-05-19',196,'en'),('2013-05-19',2993,'pt'),('2013-05-20',1,'ar'),('2013-05-20',1,'it'),('2013-05-20',1,'ja'),('2013-05-20',1,'zh'),('2013-05-20',2,'jp'),('2013-05-20',8,'fr'),('2013-05-20',47,'es'),('2013-05-20',226,'en'),('2013-05-20',3572,'pt'),('2013-05-21',1,'ar'),('2013-05-21',1,'it'),('2013-05-21',1,'ja'),('2013-05-21',1,'zh'),('2013-05-21',2,'jp'),('2013-05-21',9,'fr'),('2013-05-21',54,'es'),('2013-05-21',348,'en'),('2013-05-21',5170,'pt'),('2013-05-22',1,'ar'),('2013-05-22',1,'it'),('2013-05-22',1,'ja'),('2013-05-22',1,'zh'),('2013-05-22',2,'jp'),('2013-05-22',9,'fr'),('2013-05-22',56,'es'),('2013-05-22',405,'en'),('2013-05-22',5882,'pt'),('2013-05-23',1,'ar'),('2013-05-23',1,'it'),('2013-05-23',1,'ja'),('2013-05-23',1,'zh'),('2013-05-23',2,'jp'),('2013-05-23',9,'fr'),('2013-05-23',57,'es'),('2013-05-23',417,'en'),('2013-05-23',6234,'pt'),('2013-05-24',1,'ar'),('2013-05-24',1,'it'),('2013-05-24',1,'ja'),('2013-05-24',1,'zh'),('2013-05-24',2,'jp'),('2013-05-24',9,'fr'),('2013-05-24',57,'es'),('2013-05-24',422,'en'),('2013-05-24',6504,'pt'),('2013-05-25',1,'ar'),('2013-05-25',1,'it'),('2013-05-25',1,'ja'),('2013-05-25',1,'zh'),('2013-05-25',2,'jp'),('2013-05-25',9,'fr'),('2013-05-25',57,'es'),('2013-05-25',427,'en'),('2013-05-25',6660,'pt'),('2013-05-26',1,'ar'),('2013-05-26',1,'ja'),('2013-05-26',1,'zh'),('2013-05-26',2,'it'),('2013-05-26',2,'jp'),('2013-05-26',9,'fr'),('2013-05-26',57,'es'),('2013-05-26',436,'en'),('2013-05-26',6865,'pt'),('2013-05-27',1,'ar'),('2013-05-27',1,'de'),('2013-05-27',1,'ja'),('2013-05-27',1,'zh'),('2013-05-27',2,'jp'),('2013-05-27',3,'it'),('2013-05-27',10,'fr'),('2013-05-27',59,'es'),('2013-05-27',458,'en'),('2013-05-27',7231,'pt'),('2013-05-28',1,'ar'),('2013-05-28',1,'de'),('2013-05-28',1,'he'),('2013-05-28',1,'ja'),('2013-05-28',1,'zh'),('2013-05-28',2,'jp'),('2013-05-28',3,'it'),('2013-05-28',10,'fr'),('2013-05-28',62,'es'),('2013-05-28',472,'en'),('2013-05-28',7470,'pt'),('2013-05-29',1,'ar'),('2013-05-29',1,'de'),('2013-05-29',1,'he'),('2013-05-29',1,'zh'),('2013-05-29',2,'ja'),('2013-05-29',2,'jp'),('2013-05-29',3,'it'),('2013-05-29',12,'fr'),('2013-05-29',66,'es'),('2013-05-29',494,'en'),('2013-05-29',7757,'pt'),('2013-05-30',1,'ar'),('2013-05-30',1,'de'),('2013-05-30',1,'he'),('2013-05-30',1,'zh'),('2013-05-30',2,'ja'),('2013-05-30',2,'jp'),('2013-05-30',3,'it'),('2013-05-30',12,'fr'),('2013-05-30',68,'es'),('2013-05-30',507,'en'),('2013-05-30',8016,'pt'),('2013-05-31',1,'ar'),('2013-05-31',1,'de'),('2013-05-31',1,'he'),('2013-05-31',1,'zh'),('2013-05-31',2,'ja'),('2013-05-31',2,'jp'),('2013-05-31',3,'it'),('2013-05-31',12,'fr'),('2013-05-31',96,'es'),('2013-05-31',521,'en'),('2013-05-31',8229,'pt'),('2013-07-01',1,'he'),('2013-07-01',1,'ko'),('2013-07-01',2,'cs'),('2013-07-01',2,'ja'),('2013-07-01',2,'lt'),('2013-07-01',2,'pl'),('2013-07-01',3,'ar'),('2013-07-01',3,'ro'),('2013-07-01',3,'zh'),('2013-07-01',6,'jp'),('2013-07-01',7,'de'),('2013-07-01',9,'it'),('2013-07-01',20,'fr'),('2013-07-01',285,'es'),('2013-07-01',1192,'en'),('2013-07-01',14287,'pt');
/*!40000 ALTER TABLE `CONS_METRICS_USERS_LANG` ENABLE KEYS */;
UNLOCK TABLES;

--
-- Table structure for table `DELTA_METRICS_PROFILES_DAY`
--

DROP TABLE IF EXISTS `DELTA_METRICS_PROFILES_DAY`;
/*!40101 SET @saved_cs_client     = @@character_set_client */;
/*!40101 SET character_set_client = utf8 */;
CREATE TABLE `DELTA_METRICS_PROFILES_DAY` (
  `DATE` date NOT NULL,
  `DELTA_USERS_DAY` int(11) NOT NULL,
  `DELTA_PROFILES_DAY` int(11) NOT NULL,
  `DELTA_ACTIVE_PROFILES_DAY` int(11) NOT NULL,
  `AVG_PROFILES_USER_DAY` float NOT NULL,
  `AVG_ACTIVE_PROFILES_USER_DAY` float NOT NULL,
  PRIMARY KEY (`DATE`)
) ENGINE=InnoDB DEFAULT CHARSET=latin1;
/*!40101 SET character_set_client = @saved_cs_client */;

--
-- Dumping data for table `DELTA_METRICS_PROFILES_DAY`
--

LOCK TABLES `DELTA_METRICS_PROFILES_DAY` WRITE;
/*!40000 ALTER TABLE `DELTA_METRICS_PROFILES_DAY` DISABLE KEYS */;
INSERT INTO `DELTA_METRICS_PROFILES_DAY` VALUES ('2013-05-15',293,338,116,1.15358,0.395904),('2013-05-16',170,202,86,1.18824,0.505882),('2013-05-17',1076,1176,453,1.09294,0.421004),('2013-05-18',1096,1234,632,1.12591,0.576642),('2013-05-19',471,507,360,1.07643,0.764331),('2013-05-20',628,683,425,1.08758,0.676752),('2013-05-21',1728,1873,821,1.08391,0.475116),('2013-05-22',771,901,510,1.16861,0.661479),('2013-05-23',365,433,352,1.1863,0.964384),('2013-05-24',275,320,319,1.16364,1.16),('2013-05-25',161,210,210,1.30435,1.30435),('2013-05-26',215,244,197,1.13488,0.916279),('2013-05-27',393,409,323,1.04071,0.821883),('2013-05-28',257,298,685,1.15953,2.66537),('2013-05-29',316,367,451,1.16139,1.42722),('2013-05-30',274,299,323,1.09124,1.17883),('2013-05-31',255,276,314,1.08235,1.23137),('2013-07-01',37,47,191,1.27027,5.16216);
/*!40000 ALTER TABLE `DELTA_METRICS_PROFILES_DAY` ENABLE KEYS */;
UNLOCK TABLES;

--
-- Table structure for table `DELTA_METRICS_REVENUE_DAY`
--

DROP TABLE IF EXISTS `DELTA_METRICS_REVENUE_DAY`;
/*!40101 SET @saved_cs_client     = @@character_set_client */;
/*!40101 SET character_set_client = utf8 */;
CREATE TABLE `DELTA_METRICS_REVENUE_DAY` (
  `DATE` date NOT NULL DEFAULT '0000-00-00',
  `TOTAL_EXPECTED_REVENUE_DAY` float DEFAULT NULL,
  `TOTAL_ACTUAL_REVENUE_DAY` float DEFAULT NULL,
  `TOTAL_PENDING_DAY` float DEFAULT NULL,
  `TOTAL_VERIFIED_DAY` float DEFAULT NULL,
  `TOTAL_REQUESTED_DAY` float DEFAULT NULL,
  `TOTAL_WITHDRAWN_DAY` float DEFAULT NULL,
  `TOTAL_ERROR_DAY` float DEFAULT NULL,
  `AVG_REVENUE_PROFILE` float DEFAULT NULL,
  `AVG_REVENUE_TECK` float DEFAULT NULL,
  `WAVG_REVENUE_VIEWED_PROFILES` float DEFAULT NULL,
  `WAVG_REVENUE_VIEWED_TECKS` float DEFAULT NULL,
  PRIMARY KEY (`DATE`)
) ENGINE=InnoDB DEFAULT CHARSET=latin1 COMMENT='Consolidated Metrics for Revenue as provided by Google';
/*!40101 SET character_set_client = @saved_cs_client */;

--
-- Dumping data for table `DELTA_METRICS_REVENUE_DAY`
--

LOCK TABLES `DELTA_METRICS_REVENUE_DAY` WRITE;
/*!40000 ALTER TABLE `DELTA_METRICS_REVENUE_DAY` DISABLE KEYS */;
INSERT INTO `DELTA_METRICS_REVENUE_DAY` VALUES ('2013-05-15',1.57486,NULL,0,0,0,0,0,NULL,NULL,NULL,NULL),('2013-05-16',5.28882,NULL,0,0,0,0,0,NULL,NULL,NULL,NULL),('2013-05-17',23.3291,NULL,0,0.000478828,0,0,0,NULL,NULL,NULL,NULL),('2013-05-18',9.51883,NULL,0,0.000122108,0,0,0,NULL,NULL,NULL,NULL),('2013-05-19',15.1921,NULL,0,0.000978236,0,0,0,NULL,NULL,NULL,NULL),('2013-05-20',20.0195,NULL,0,0,0,0,0,NULL,NULL,NULL,NULL),('2013-05-21',9.81801,NULL,0,0,0,0,0,NULL,NULL,NULL,NULL),('2013-05-22',11.8555,NULL,0,0.000121422,0,0,0,NULL,NULL,NULL,NULL),('2013-05-23',12.4862,NULL,0,0,0,0,0,NULL,NULL,NULL,NULL),('2013-05-24',5.13726,NULL,0,0.0012005,0,0,0,NULL,NULL,NULL,NULL),('2013-05-25',3.35645,NULL,0,0.000597506,0,0,0,NULL,NULL,NULL,NULL),('2013-05-26',6.93869,NULL,0,0.000602308,0,0,0,NULL,NULL,NULL,NULL),('2013-05-27',5.40025,NULL,0,0,0,0,0,NULL,NULL,NULL,NULL),('2013-05-28',4.57842,NULL,0,0.00023324,0,0,0,NULL,NULL,NULL,NULL),('2013-05-29',16.9148,NULL,0,0.000828002,0,0,0,NULL,NULL,NULL,NULL),('2013-05-30',12.0562,NULL,0,0,0,0,0,NULL,NULL,NULL,NULL),('2013-05-31',4.57855,NULL,0,0.000853384,0,0,0,NULL,NULL,NULL,NULL),('2013-07-01',6.41055,NULL,4.48738,2.5427,0,0,0,NULL,NULL,NULL,NULL);
/*!40000 ALTER TABLE `DELTA_METRICS_REVENUE_DAY` ENABLE KEYS */;
UNLOCK TABLES;

--
-- Table structure for table `DELTA_METRICS_TECKS_DAY`
--

DROP TABLE IF EXISTS `DELTA_METRICS_TECKS_DAY`;
/*!40101 SET @saved_cs_client     = @@character_set_client */;
/*!40101 SET character_set_client = utf8 */;
CREATE TABLE `DELTA_METRICS_TECKS_DAY` (
  `DATE` date NOT NULL,
  `DELTA_TECKS_DAY` int(11) DEFAULT NULL,
  `DELTA_PUBLISHED_TECKS_DAY` int(11) DEFAULT NULL,
  `RT_TECKS_PUBTECKS_DAY` float DEFAULT NULL,
  `AVG_TECKS_PROFILE_DAY` float DEFAULT NULL,
  `AVG_TECKS_ACTIVE_PROFILES_DAY` float DEFAULT NULL,
  `DELTA_PROFILE_WO_TECKS_DAY` int(11) NOT NULL,
  PRIMARY KEY (`DATE`)
) ENGINE=InnoDB DEFAULT CHARSET=latin1;
/*!40101 SET character_set_client = @saved_cs_client */;

--
-- Dumping data for table `DELTA_METRICS_TECKS_DAY`
--

LOCK TABLES `DELTA_METRICS_TECKS_DAY` WRITE;
/*!40000 ALTER TABLE `DELTA_METRICS_TECKS_DAY` DISABLE KEYS */;
INSERT INTO `DELTA_METRICS_TECKS_DAY` VALUES ('2013-05-15',398,398,1,1.1775,3.431,222),('2013-05-16',224,224,1,1.1089,2.6047,116),('2013-05-17',2145,2086,0.972494,1.824,4.7351,723),('2013-05-18',3517,3148,0.895081,2.8501,5.5649,602),('2013-05-19',1767,1573,0.890209,3.4852,4.9083,147),('2013-05-20',1927,1742,0.903996,2.8214,4.5341,258),('2013-05-21',2882,2705,0.938584,1.5387,3.5104,1052),('2013-05-22',2824,2723,0.964235,3.1343,5.5373,391),('2013-05-23',1388,1286,0.926513,3.2055,3.9432,81),('2013-05-24',1188,1108,0.93266,3.7125,3.7241,1),('2013-05-25',812,784,0.965517,3.8667,3.8667,0),('2013-05-26',1495,1467,0.981271,6.127,7.5888,47),('2013-05-27',1224,1200,0.980392,2.9927,3.7895,86),('2013-05-28',2890,2842,0.983391,9.698,4.219,0),('2013-05-29',2568,2539,0.988707,6.9973,5.694,0),('2013-05-30',1655,1642,0.992145,5.5351,5.1238,0),('2013-05-31',1463,1438,0.982912,5.3007,4.6592,0),('2013-07-01',639,634,0.992175,13.5957,3.3455,0);
/*!40000 ALTER TABLE `DELTA_METRICS_TECKS_DAY` ENABLE KEYS */;
UNLOCK TABLES;

--
-- Table structure for table `DELTA_METRICS_TECKS_LANG_DAY`
--

DROP TABLE IF EXISTS `DELTA_METRICS_TECKS_LANG_DAY`;
/*!40101 SET @saved_cs_client     = @@character_set_client */;
/*!40101 SET character_set_client = utf8 */;
CREATE TABLE `DELTA_METRICS_TECKS_LANG_DAY` (
  `DATE` date NOT NULL,
  `DELTA_TECKS_AR_DAY` int(11) DEFAULT NULL,
  `DELTA_TECKS_DE_DAY` int(11) DEFAULT NULL,
  `DELTA_TECKS_EN_DAY` int(11) DEFAULT NULL,
  `DELTA_TECKS_ES_DAY` int(11) DEFAULT NULL,
  `DELTA_TECKS_FR_DAY` int(11) DEFAULT NULL,
  `DELTA_TECKS_HE_DAY` int(11) DEFAULT NULL,
  `DELTA_TECKS_HI_DAY` int(11) DEFAULT NULL,
  `DELTA_TECKS_IT_DAY` int(11) DEFAULT NULL,
  `DELTA_TECKS_JP_DAY` int(11) DEFAULT NULL,
  `DELTA_TECKS_KO_DAY` int(11) DEFAULT NULL,
  `DELTA_TECKS_PT_DAY` int(11) DEFAULT NULL,
  `DELTA_TECKS_RU_DAY` int(11) DEFAULT NULL,
  `DELTA_TECKS_ZH_DAY` int(11) DEFAULT NULL,
  PRIMARY KEY (`DATE`)
) ENGINE=InnoDB DEFAULT CHARSET=latin1;
/*!40101 SET character_set_client = @saved_cs_client */;

--
-- Dumping data for table `DELTA_METRICS_TECKS_LANG_DAY`
--

LOCK TABLES `DELTA_METRICS_TECKS_LANG_DAY` WRITE;
/*!40000 ALTER TABLE `DELTA_METRICS_TECKS_LANG_DAY` DISABLE KEYS */;
INSERT INTO `DELTA_METRICS_TECKS_LANG_DAY` VALUES ('2013-05-15',0,0,25,4,1,0,0,0,0,0,368,0,0),('2013-05-16',0,0,13,2,0,0,0,0,0,0,209,0,0),('2013-05-17',0,0,55,9,0,0,0,0,0,0,2081,0,0),('2013-05-18',0,0,59,5,0,0,0,0,0,1,3452,0,0),('2013-05-19',0,0,97,5,7,0,0,0,0,0,1658,0,0),('2013-05-20',0,0,131,4,18,0,0,0,0,0,1774,0,0),('2013-05-21',0,0,109,2,1,0,0,0,0,0,2770,0,0),('2013-05-22',0,0,177,4,0,0,0,0,0,0,2643,0,0),('2013-05-23',0,0,56,0,0,0,0,0,0,0,1332,0,0),('2013-05-24',0,0,63,1,14,0,0,0,0,0,1110,0,0),('2013-05-25',0,0,17,0,0,0,0,0,0,0,795,0,0),('2013-05-26',0,0,22,0,0,0,0,0,0,0,1473,0,0),('2013-05-27',0,0,72,0,0,0,0,0,0,0,1152,0,0),('2013-05-28',0,2,119,21,1,1,0,0,2,2,2741,1,0),('2013-05-29',0,0,87,5,1,0,0,0,0,0,2475,0,0),('2013-05-30',0,0,50,3,0,0,0,0,0,0,1602,0,0),('2013-05-31',0,0,32,25,0,0,0,0,0,0,1406,0,0),('2013-07-01',0,0,113,0,0,0,0,0,0,0,526,0,0);
/*!40000 ALTER TABLE `DELTA_METRICS_TECKS_LANG_DAY` ENABLE KEYS */;
UNLOCK TABLES;

--
-- Table structure for table `DELTA_METRICS_TECKS_TYPE_DAY`
--

DROP TABLE IF EXISTS `DELTA_METRICS_TECKS_TYPE_DAY`;
/*!40101 SET @saved_cs_client     = @@character_set_client */;
/*!40101 SET character_set_client = utf8 */;
CREATE TABLE `DELTA_METRICS_TECKS_TYPE_DAY` (
  `DATE` date NOT NULL,
  `DELTA_TECKS_AUDIO_DAY` int(11) DEFAULT NULL,
  `DELTA_TECKS_IMAGE_DAY` int(11) DEFAULT NULL,
  `DELTA_TECKS_TEXT_DAY` int(11) DEFAULT NULL,
  `DELTA_TECKS_DOCUMENT_DAY` int(11) DEFAULT NULL,
  `DELTA_TECKS_VIDEO_DAY` int(11) DEFAULT NULL,
  PRIMARY KEY (`DATE`)
) ENGINE=InnoDB DEFAULT CHARSET=latin1;
/*!40101 SET character_set_client = @saved_cs_client */;

--
-- Dumping data for table `DELTA_METRICS_TECKS_TYPE_DAY`
--

LOCK TABLES `DELTA_METRICS_TECKS_TYPE_DAY` WRITE;
/*!40000 ALTER TABLE `DELTA_METRICS_TECKS_TYPE_DAY` DISABLE KEYS */;
INSERT INTO `DELTA_METRICS_TECKS_TYPE_DAY` VALUES ('2013-05-15',14,107,277,0,0),('2013-05-16',1,133,90,0,0),('2013-05-17',25,660,1460,0,0),('2013-05-18',54,2008,1455,0,0),('2013-05-19',24,1206,537,0,0),('2013-05-20',29,1062,836,0,0),('2013-05-21',28,1411,1443,0,0),('2013-05-22',15,900,1909,0,0),('2013-05-23',29,867,492,0,0),('2013-05-24',7,752,429,0,0),('2013-05-25',5,414,393,0,0),('2013-05-26',8,343,1144,0,0),('2013-05-27',18,586,620,0,0),('2013-05-28',21,987,1882,0,0),('2013-05-29',21,690,1857,0,0),('2013-05-30',11,719,925,0,0),('2013-05-31',15,742,706,0,0),('2013-07-01',2,398,239,0,0);
/*!40000 ALTER TABLE `DELTA_METRICS_TECKS_TYPE_DAY` ENABLE KEYS */;
UNLOCK TABLES;

--
-- Table structure for table `DELTA_METRICS_USERS_LANG_DAY`
--

DROP TABLE IF EXISTS `DELTA_METRICS_USERS_LANG_DAY`;
/*!40101 SET @saved_cs_client     = @@character_set_client */;
/*!40101 SET character_set_client = utf8 */;
CREATE TABLE `DELTA_METRICS_USERS_LANG_DAY` (
  `DATE` date NOT NULL,
  `DELTA_USERS_LANG_DAY` int(11) NOT NULL DEFAULT '0',
  `LANG` varchar(5) NOT NULL DEFAULT '',
  PRIMARY KEY (`DATE`,`DELTA_USERS_LANG_DAY`,`LANG`)
) ENGINE=InnoDB DEFAULT CHARSET=latin1 COMMENT='Consolidated Metrics for Users per Language';
/*!40101 SET character_set_client = @saved_cs_client */;

--
-- Dumping data for table `DELTA_METRICS_USERS_LANG_DAY`
--

LOCK TABLES `DELTA_METRICS_USERS_LANG_DAY` WRITE;
/*!40000 ALTER TABLE `DELTA_METRICS_USERS_LANG_DAY` DISABLE KEYS */;
INSERT INTO `DELTA_METRICS_USERS_LANG_DAY` VALUES ('2013-05-15',1,'fr'),('2013-05-15',4,'es'),('2013-05-15',23,'en'),('2013-05-15',198,'pt'),('2013-05-16',1,'zh'),('2013-05-16',2,'es'),('2013-05-16',2,'fr'),('2013-05-16',21,'en'),('2013-05-16',144,'pt'),('2013-05-17',1,'jp'),('2013-05-17',6,'es'),('2013-05-17',44,'en'),('2013-05-17',1025,'pt'),('2013-05-18',1,'ja'),('2013-05-18',2,'fr'),('2013-05-18',9,'es'),('2013-05-18',51,'en'),('2013-05-18',1033,'pt'),('2013-05-19',1,'fr'),('2013-05-19',1,'it'),('2013-05-19',1,'jp'),('2013-05-19',8,'es'),('2013-05-19',23,'en'),('2013-05-19',437,'pt'),('2013-05-20',1,'ar'),('2013-05-20',1,'fr'),('2013-05-20',17,'es'),('2013-05-20',30,'en'),('2013-05-20',579,'pt'),('2013-05-21',1,'fr'),('2013-05-21',7,'es'),('2013-05-21',122,'en'),('2013-05-21',1598,'pt'),('2013-05-22',2,'es'),('2013-05-22',57,'en'),('2013-05-22',712,'pt'),('2013-05-23',1,'es'),('2013-05-23',12,'en'),('2013-05-23',352,'pt'),('2013-05-24',5,'en'),('2013-05-24',270,'pt'),('2013-05-25',5,'en'),('2013-05-25',156,'pt'),('2013-05-26',1,'it'),('2013-05-26',9,'en'),('2013-05-26',205,'pt'),('2013-05-27',1,'de'),('2013-05-27',1,'fr'),('2013-05-27',1,'it'),('2013-05-27',2,'es'),('2013-05-27',22,'en'),('2013-05-27',366,'pt'),('2013-05-28',1,'he'),('2013-05-28',3,'es'),('2013-05-28',14,'en'),('2013-05-28',239,'pt'),('2013-05-29',1,'ja'),('2013-05-29',2,'fr'),('2013-05-29',4,'es'),('2013-05-29',22,'en'),('2013-05-29',287,'pt'),('2013-05-30',2,'es'),('2013-05-30',13,'en'),('2013-05-30',259,'pt'),('2013-05-31',14,'en'),('2013-05-31',28,'es'),('2013-05-31',213,'pt'),('2013-07-01',2,'en'),('2013-07-01',35,'pt');
/*!40000 ALTER TABLE `DELTA_METRICS_USERS_LANG_DAY` ENABLE KEYS */;
UNLOCK TABLES;

--
-- Table structure for table `USERS`
--

DROP TABLE IF EXISTS `USERS`;
/*!40101 SET @saved_cs_client     = @@character_set_client */;
/*!40101 SET character_set_client = utf8 */;
CREATE TABLE `USERS` (
  `user_id` int(10) unsigned NOT NULL AUTO_INCREMENT,
  `user_name` varchar(10) COLLATE utf8_unicode_ci DEFAULT NULL,
  `user_email` varchar(255) COLLATE utf8_unicode_ci DEFAULT NULL,
  `user_password` text COLLATE utf8_unicode_ci,
  `user_role` enum('superuser','employer','shareholder','administrative','developer') COLLATE utf8_unicode_ci DEFAULT 'employer',
  PRIMARY KEY (`user_id`)
) ENGINE=InnoDB AUTO_INCREMENT=10 DEFAULT CHARSET=utf8 COLLATE=utf8_unicode_ci;
/*!40101 SET character_set_client = @saved_cs_client */;

--
-- Dumping data for table `USERS`
--

LOCK TABLES `USERS` WRITE;
/*!40000 ALTER TABLE `USERS` DISABLE KEYS */;
INSERT INTO `USERS` VALUES (1,'acaeiro','acaeiro@teckler.com','*692F5ACF4B019D71C222BDAD4DD531B96B502850','superuser'),(2,'aaraujo','aaraujo@teckler.com','*5295590987CC9A754D1F9B7F138F8F01B66B68A2','administrative'),(3,'rmendes','rmendes@teckler.com','*5295590987CC9A754D1F9B7F138F8F01B66B68A2','administrative'),(4,'llima','llima@teckler.com','*5295590987CC9A754D1F9B7F138F8F01B66B68A2','developer'),(5,'fcampos','fcampos@teckler.com','*5295590987CC9A754D1F9B7F138F8F01B66B68A2','superuser'),(6,'obokel','obokel@teckler.com','*5295590987CC9A754D1F9B7F138F8F01B66B68A2','developer'),(7,'cgandelman','cgandelman@teckler.com','*5295590987CC9A754D1F9B7F138F8F01B66B68A2','administrative'),(8,'chenrique','chenrique@teckler.com','*5295590987CC9A754D1F9B7F138F8F01B66B68A2','administrative'),(9,'asabino','asabino@teckler.com','*5295590987CC9A754D1F9B7F138F8F01B66B68A2','employer');
/*!40000 ALTER TABLE `USERS` ENABLE KEYS */;
UNLOCK TABLES;
/*!40103 SET TIME_ZONE=@OLD_TIME_ZONE */;

/*!40101 SET SQL_MODE=@OLD_SQL_MODE */;
/*!40014 SET FOREIGN_KEY_CHECKS=@OLD_FOREIGN_KEY_CHECKS */;
/*!40014 SET UNIQUE_CHECKS=@OLD_UNIQUE_CHECKS */;
/*!40101 SET CHARACTER_SET_CLIENT=@OLD_CHARACTER_SET_CLIENT */;
/*!40101 SET CHARACTER_SET_RESULTS=@OLD_CHARACTER_SET_RESULTS */;
/*!40101 SET COLLATION_CONNECTION=@OLD_COLLATION_CONNECTION */;
/*!40111 SET SQL_NOTES=@OLD_SQL_NOTES */;

-- Dump completed on 2013-07-25 16:55:16
